keyword,city
エヴァファン,C4
九頭龍神社,C4
噴火警戒レベル,C4
天山湯治郷,C4
小田原,C4
強羅公園,C4
彫刻の森美術館,C4
恋人候補,NA
温泉,NA
玉村豊男,C4
神奈川県箱根町,C4
箱根,C4
箱根美術館,C4
箱根補完計画,C4
芦ノ湖,C4
買取キング,NA
避難指示,C4
開成町,C4
ユニバーサル,NA
五稜郭,C1
五稜郭公園,C1
函館,C1
函館山,C1
函館山ロープウェイ,C1
函館朝市,C1
北島三郎記念館,C1
北海道函館市,C1
古着屋,NA
夜景,C1
旧函館区公会堂,C1
松前城,C1
湯の川温泉,C1
立待岬,C1
谷地頭温泉,C1
金森赤レンガ倉庫,C1
下鴨神社,C10
二条城,C10
京都CATS,C10
京都,C10
京都タワー,C10
京都国立博物館,C10
京都国際マンガミュージアム,C10
京都府京都市,C10
京都駅,C10
伏見,C10
哲学の道,C10
地下鉄,NA
寺,NA
寺田屋,C10
嵐山,C10
日本刀,NA
東映太秦映画村,C10
楽天観光案内,NA
清水寺,C10
祇園,C10
等持院,C10
糺の森,C10
紅葉,NA
華厳寺,C10
重要文化財,NA
金閣寺,C10
鈴虫寺,C10
銀閣寺,C10
JTB,NA
兼六園,C7
本多の森ホール,C7
武家屋敷,C7
河北門,C7
湯涌温泉,C7
石川県金沢市,C7
石川門,C7
近江町市場,C7
金沢21世紀美術館,C7
金沢,C7
金沢城公園,C7
金沢駅,C7
長町武家屋敷跡,C7
香林坊,C7
仙台,C2
仙台市青葉区,C2
作並温泉,C2
国営みちのく杜の湖畔公園,C2
大崎八幡宮,C2
定禅寺通り,C2
宮城県仙台市,C2
広瀬川,C2
東北大学,C2
東日本大震災,C2
瑞鳳殿,C2
秋保温泉,C2
護国神社,NA
青葉城,C2
出雲,C11
出雲大社,C11
出雲市塩冶町,C11
出雲市斐川町,C11
島根県出雲市,C11
島根県立古代出雲歴史博物館,C11
日御碕神社,C11
旧大社駅,C11
稲佐の浜,C11
おかげ横丁,C9
三重県伊勢市,C9
伊勢,C9
伊勢うどん,C9
伊勢ララパーク,C9
伊勢市小木,C9
伊勢市御薗町,C9
伊勢市観光文化会館,C9
伊勢神宮,C9
志摩スペイン村,C9
想ワレ,NA
賢島,C9
赤福餅,C9
コナン展,NA
三段峡,C12
原爆ドーム,C12
厳島神社,C12
平和記念公園,C12
広島,C12
広島城,C12
広島市民球場,C12
広島平和記念公園,C12
広島県広島市,C12
最後の楽園,NA
グラバー園,C13
出島,C13
原爆資料館,C13
平和公園,C13
無人島,NA
稲佐山,C13
軍艦島,C13
長崎,C13
長崎ペンギン水族館,C13
長崎新地中華街,C13
長崎県長崎市,C13
ブリヂストン美術館,C3
三井記念美術館,C3
中央区京橋,C3
中央区八重洲,C3
中央区晴海,C3
宝石店,NA
新橋演舞場,C3
日本橋,C3
日本橋高島屋,C3
日本銀行,C3
東京,C3
東京ワンダフル,C3
東京都中央区,C3
水天宮,C3
波除稲荷神社,C3
浜離宮恩賜庭園,C3
築地,C3
築地場外市場,C3
築地本願寺,C3
貨幣博物館,C3
銀座,C3
フサキビーチ,C14
仁王,NA
大浴場付き,NA
寧王,NA
尖閣諸島,C14
川平湾,C14
日本最南端,C14
沖縄県石垣市,C14
玉取崎展望台,C14
石垣,C14
石垣島鍾乳洞,C14
石垣港離島ターミナル,C14
石垣空港,C14
米原ビーチ,C14
万葉公園,C5
不動滝,C5
五所神社,C5
湯河原,C5
神奈川県湯河原町,C5
ガラス美術館,C6
富山,C6
富山ライトレール,C6
富山城,C6
富山市,C6
富山市ファミリーパーク,C6
富山県富山市,C6
富山県立近代美術館,C6
富岩運河環水公園,C6
MOA美術館,C8
アカオハーブ.ローズガーデン,C8
伊豆山神社,C8
初島,C8
来宮神社,C8
熱海,C8
熱海城,C8
熱海秘宝館,C8
起雲閣,C8
静岡県熱海市,C8
USJ,NA
ディズニーシー,NA
ディズニーランド,NA
ディズニーリゾート,NA
ユニバーサルスタジオジャパン,NA
世界遺産.観光,NA
世界遺産,NA
加賀,C7
宮島,C12
広島県廿日市市,C12
湯河原温泉,C5
石垣島,C14
石川県加賀市,C7
石見銀山,C11
黒部,C6
GW.旅行,NA
お土産,NA
イベント,NA
インフルエンザ,NA
コテージ.予約,NA
ゴールデンウィーク.旅行,NA
シルバーウィーク.旅行,NA
ツアー.予約,NA
ツアー,NA
トレッキング,NA
ハイキング,NA
ペット同伴,NA
ペンション.予約,NA
ホテル.予約,NA
リゾートホテル.予約,NA
ロッジ.予約,NA
人口,NA
休暇.旅行,NA
円安,NA
円高,NA
冬休み.旅行,NA
冬季休暇.旅行,NA
卒業旅行,NA
危険,NA
台風,NA
名物,NA
噴火,NA
団体旅行,NA
国内ツアー,NA
国内旅行,NA
国内線.予約,NA
国内航空券.予約,NA
地震,NA
夏休み.旅行,NA
夏季休暇.旅行,NA
大型連休.旅行,NA
娯楽,NA
季節,NA
学生旅行,NA
家族旅行,NA
宿.予約,NA
宿泊.予約,NA
宿泊,NA
山,NA
川,NA
散歩,NA
旅行.ドライブ,NA
旅行.レンタカー,NA
旅行.予約,NA
旅行,NA
旅館.予約,NA
旅館,NA
景色,NA
格安ツアー,NA
正月.旅行,NA
民宿.予約,NA
気温,NA
温泉宿.予約,NA
温泉旅行,NA
滝,NA
災害,NA
自然,NA
観光,NA
観光地,NA
連休.旅行,NA
週末.旅行,NA
釣り,NA
長期休暇.旅行,NA
食べ歩き,NA
